species_num,species_family,species_name,species_id,sequence,sequence_id,sequence_info,sequence_length,sequence_number_of_matches
1223,Enterobacteriaceae,Pantoea agglomerans strain LA131,Z-C12-16SF,CGGGGACAAGAAGAAACTGGTCTCGTTGTGAGGAGAGGGGCGAGAGGGGAGTAAAGTGTGGGGATCTGCCCCATATAGGGGGAGATCCCTTGGGAAAAGTGGCTAAAACCCCACAAAGTCTCACAAGACCAAAGGGGGAGATTTTGGGCTCTCACTATCTGATAAGACCCCATAGGATTATATATTATGCGGGGTAAAGGGCCACCTATGCGACAATATCTATCTGGGCTGAGAGGAGAAGACCACACACTGTGAATGAGACACGGTCCACACACCTACAGGAGGGACCACTGTGGAAAATTGTGCAATGGGGGCAAACCTGATGCGCCCCTGTGGCGTGTGTAAAAAAAGCGTTTTGGTTGTAAAATATTTTTTCCGGGGAGGAAAGCGATGTGGTTATAAAACGTGTCGATTGAGATTTCCCCCACAAAAAACACCGGCGAAATCTCTGCCACCACCCCCGGTAATACAGAGGGTGCGAGCGTTATTCTCAATTACAGGGGGTAAAGCGCACACGCGCGGTCTGTTATATCTCATATGAAATCCCCCGGCTTATACTGGGAACAGTGTTTTAAACTGTGACGCTTGAGTCTTGTGTAGAGGGGTGTAATTCTCCGTGTATCGGTGAAATGCGTATAGATCTGGAGGAAAATCCGTGGGGAAAGCGGCCCCCTGGACAAAAACAGACACTCTCGTGCGAA,MN006238.1,Pantoea agglomerans strain LA131 16S ribosomal RNA gene, partial sequence,950,1
1303,Enterobacteriaceae,Pantoea sp. strain CA15-3,Z-E06-16SF,AAGGATAGAGCAACTTGCTCTTGTGGTGACGAGTGGCGGACGGGTGAGTAATGTCTGGGGATCTGCCCCATAGAGGGGGATAACCCCTGGAAACGGTGGCTAATACCCCATAACGTCGCAAGACCAAAGAGGGGGACCTTCGGGCCTCTCACTATCGGATGAACCCCGATGGGATTAGCTAGTAGGCGGGGTAATGGCCCACCTAGGCGACAATCCCTATCTGGTCTGAGAGGATGACCAGCCACACTGGAACTGAGACACGGTCCAGACTCCTACGGGAGGCAGCAGTGGGGAATATTGCACAATGGGCGCAAGCCTGATGCACCCATGCCGCGTGTATGAAAAAAGCGTTCGGGTTGTAAAGTACTTTCACCGGGGAGGAAGGCGGTGCGGTTAATAACCGCGTCGATTGAGGTTACCCGCAGAAAAAACACCGGCTAACTCCGTGCCACCACCCGCGGTAATACGGAGGGTGCAAGCGTTAATCGGAATTACTGGGCGTAAAGCGCACGCAGGCGGTCTGTTAAGTCACATGTGAAATCCCCGGGCTTAACCTGGGAACTGCATTTGAAACTGGGAGGCTTGAGTCTTGTAGAGGGGGGTAGAATTCCCGGTGTAGCGGTGAAATGCGTATAGATCTGGAGGAATACCGGTGGCGAAAGCGGCCCCCTGGACAAAGACTGACACTCAGGTGCGAAAGCGTGGGGAGCAAACAGGATTATATACCCTGGTAGTCCACGCCCTATACGATGTCTACTTGTAGGTTGTTCCCTTGAGGAGTGGGTTTCCGAGCTAACGCGTTATGTCTACCGCCTGGGGAGTACAGCCGCAAGGTGATAAACTCACATGAATTGACAGGGGGCCCGGCACAAGCGGTGGAGCACTGTGGTTTTATATTCTATGCACGCGAAGAAACTCTATCTACTACTTCGACATCCTCCACAACTTCTTTCAGAGATGACTTCTATTGTCCTTTCTGGAACTCTGAGACAGGGCTGCATGGGCTGT,MH768980.1,Pantoea sp. strain CA15-3 16S ribosomal RNA gene, partial sequence,1447,1
1174,Pseudomonadaceae,Pseudomonas sp. pfB13,Z-A04-16SF,TTGCTTCTCTTGAGAGCGGCGGACGGGTGAGTAATGCCTAGGAATCTGCCTGGTAGTGGGGGATAACGTTCGGAAACGGACGCTAATACCGCATACGTCCTACGGGAGAAAGCAGGGGACCTTCGGGCCTTGCGCTATCAGATGAGCCTAGGTCGGATTAGCTAGTTGGTGGGGTAATGGCTCACCAAGGCGACGATCCGTAACTGGTCTGAGAGGATGATCAGTCACACTGGAACTGAGACACGGTCCAGACTCCTACGGGAGGCAGCAGTGGGGAATATTGGACAATGGGCGAAAGCCTGATCCAGCCATGCCGCGTGTGTGAAGAAGGTCTTCGGATTGTAAAGCACTTTAAGTTGGGAGGAAGGGCTATTACCTAATACGTGATGGTTTTGACGTTACCGACAGAATAAGCACCGGCTAACTCTGTGCCAGCAGCCGCGGTAATACAGAGGGTGCAAGCGTTAATCGGAATTACTGGGCGTAAAGCGCGCGTAGGTGGTTTGTTAAGTTGGATGTGAAATCCCCGGGCTCAACCTGGGAACTGCATTCAAAACTGACTGACTAGAGTATGGTAGAGGGTGGTGGAATTTCCTGTGTATCGGTGAAATGCGTAGATATAGGAAGGGGGACCCCCGTCGAAAGCGAGGACCCGGACTGATACTGACGCTTTTGCGCGCCACCCCGGGAAGCCAACACGATTAAAAACACTGGTAGTCCACCCCGTATAAAATNTCTTCCNGGGGGTGGGNGCGGNNATCTCCTCCTGGCGCAACTAACACCCTAAGGTGACTTCCCCCCGCGGTATATCCCGCAAAGCGGTGAGCCCCCCTGNATTGAA,AY336542.1,Pseudomonas sp. pfB13 16S ribosomal RNA gene, partial sequence,800,1
1175,Pseudomonadaceae,Pseudomonas graminis strain R2SsM3P1C4,Z-C02-16SF,TGCTCTCTGATTCNNCGCGCGCGACGGGTGAGTAATGCCTAGGAATCTGCCTGGTAGTGGGGGACAACGTCTCGAAAGGGACGCTAATACCGCATACGTCCTACGGGAGAAAGCAGGGGACCTTCGGGCCTTGCGCTATCAGATGAGCCTAGGTCGGATTAGCTAGTTGGTGAGGTAATGGCTCACCAAGGCGACGATCCGTAACTGGTCTGAGAGGATGATCAGTCACACTGGAACTGAGACACGGTCCAGACTCCTACGGGAGGCAGCAGTGGGGAATATTGGACAATGGGCGAAAGCCTGATCCAGCCATGCCGCGTGTGTGAAGAAGGTCTTCGGATTGTAAAGCACTTTAAGTTGGGAGGAAGGGCAGTAAGCGAATACCTTGCTGTTTTGACGTTACCGACAGAATAAGCACCGGCTAACTCTGTGCCAGCAGCCGCGGTAATACAGAGGGTGCAAGCGTTAATCGGAATTACTGGGCGTAAAGCGCGCGTAGGTGGTTTGTTAAGTTGAATGTGAAATCCCCGGGCTCAACCTGGGAACTGCATCCAAAACTGGCAAGCTAGAGTAGGGCAGAGGGTGGTGGAATTTCCTGTGTAGCGGTGAAATGCGTAGATATAGGAAGGAACACCAGTGGCGAAGGCGACCACCTGGGCTCATACTGACACTGAGGTGCGAAAGCGTGGGGAGCAAACAGGATTAGATACCCTGGTAGTCCACGCCGTAAACGATGTCAACTAGCCGTTGGAAGCCTTGAGCTTTTAGTGGCGCAGCTAACGCATTAAGTTGACCGCCTGGGGAGTACGGCCGCAAGGTTAAAACTCACATGAATTGACGGGGGCCCGCACAAGCGGTGGAGCATGTGGTTTAATTCGAAGCAACGCGAAGAACCTTACCAGGCCTTGACATCCAATGAACTTTCCAGAGATGGATTGGTGCCTTCGGGAACATTGAGACAGGTGCTGCATGGCTGTCGTCAGCTCGTGTCGTGAGATGTTGGGTTAAGTCCCGTAACGAGCGCAACCCTTGTCCTTAGTTACCAGCACATAATGGTGGGCACTCTAAGGAGACTGCCGGTGACAAACCGGAAGAAAGGTGGGGGATGACGTCAAGTCATCAGGGCCCTTACGGCCTGGGGCTACCCACGTGCTACAATGGGTCCGGTACCGAAGGGTTGCCCAAGCCCGCGAGGTGGAGCTTAATCCCCGAAAAACCCGATTNT,KF147094.1,Pseudomonas graminis strain R2SsM3P1C4 16S ribosomal RNA gene, partial sequence,1429,1
1237,Pseudomonadaceae,Pseudomonas graminis strain AN1,Z-C10-16SF,CTGCTCTCTGATTCNGCGGCGGACGGGTGAGTAATGCCTAGGAATCTGCCTGGTAGTGGGGGACAACGTCTCGAAAGGGACGCTAATACCGCATACGTCCTACGGGAGAAAGCAGGGGACCTTCGGGCCTTGCGCTATCAGATGAGCCTAGGTCGGATTAGCTAGTTGGTGAGGTAATGGCTCACCAAGGCGACGATCCGTAACTGGTCTGAGAGGATGATCAGTCACACTGGAACTGAGACACGGTCCAGACTCCTACGGGAGGCAGCAGTGGGGAATATTGGACAATGGGCGAAAGCCTGATCCAGCCATGCCGCGTGTGTGAAGAAGGTCTTCGGATTGTAAAGCACTTTAAGTTGGGAGGAAGGGCAGTAAGCGAATACCTTGCTGTTTTGACGTTACCGACAGAATAAGCACCGGCTAACTCTGTGCCAGCAGCCGCGGTAATACAGAGGGTGCAAGCGTTAATCGGAATTACTGGGCGTAAAGCGCGCGTAGGTGGTTTGTTAAGTTGAATGTGAAATCCCCGGGCTCAACCTGGGAACTGCATCCAAAACTGGCAAGCTAGAGTAGGGCAGAGGGTGGTGGAATTTCCTGTGTAGCGGTGAAATGCGTAGATATAAGAAGGAACACCAGTGGCGAAGGCGACCACCTGGGCTCATACTGACACTGAGGTGCGAAAGCGTGGGGAGCCCACAGGATTATATACCCTGGTAGTCCACNCCGTATACGATGTCAACTAACNGTTGGAAGCCTTGAGCTTTTAGTGGCGCAACTAACGCATTAAGTTGACCGCCTGGGGAGTACGGCCGCAAGGNNGGGNCTCCCACGAATTGACCGCGGGCCCCCACAAACAAGGGAGCACGTGGTTTAATTCCTAGGCAACGCCNCAAAACCTTACNGGNNNTTGTAATGCCATGAACTTTCCCCACAAGGGGTGGTAGCCTTCCGGAACCATNATAACCGCAACCGGCTCGGGGGNGGGTCCAGCCCTTGTCC,MG561813.1,Pseudomonas graminis strain AN1 16S ribosomal RNA gene, partial sequence,1102,1
1238,Pseudomonadaceae,Pseudomonas graminis strain I-S-S3-18,Z-D09-16SF,TTGCTCTCTGATTCNNCGNGCGGACGGGTGAGTAATGCCTAGGAATCTGCCTGGTAGTGGGGGACAACGTCTCGAAAGGGACGCTAATACCGCATACGTCCTACGGGAGAAAGCAGGGGACCTTCGGGCCTTGCGCTATCAGATGAGCCTAGGTCGGATTAGCTAGTTGGTGAGGTAATGGCTCACCAAGGCGACGATCCGTAACTGGTCTGAGAGGATGATCAGTCACACTGGAACTGAGACACGGTCCAGACTCCTACGGGAGGCAGCAGTGGGGAATATTGGACAATGGGCGAAAGCCTGATCCAGCCATGCCGCGTGTGTGAAGAAGGTCTTCGGATTGTAAAGCACTTTAAGTTGGGAGGAAGGGCAGTAAGCGAATACCTTGCTGTTTTGACGTTACCGACAGAATAAGCACCGGCTAACTCTGTGCCAGCAGCCGCGGTAATACAGAGGGTGCAAGCGTTAATCGGAATTACTGGGCGTAAAGCGCGCGTAGGTGGTTTGTTAAGTTGAATGTGAAATCCCCGGGCTCAACCTGGGAACTGCATCCAAAACTGGCAAGCTAGAGTAGGGCAGAGGGTGGTGGAATTTCCTGTGTAGCGGTGAAATGCGTAGATATAGGAAGGAACACCAGTGGCGAAGGCGACCACCTGGGCTCATACTGACACTGAGGTGCGAAAGCGTGGGGAGCAAACAGGATTAGATACCCTGGTAGTCCACGCCGTAAACGATGTCAACTAGCCGTTGGAAGCCTTGAGCTTTTAGTGGCGCAGCTAACGCATTAAGTTGACCGCCTGGGGAGTACGGCCGCAAGGTTAAAACTCACATGAATTGACGGCGGCCCGCACAAGCGGTGGAGCATGTGGTTTAATTCGAAGCAACCCGAAGAACCTTACCAGGCCTTGACATGCCATGAACTTTCCAGAGATGAATTGGTGCNTTCCGGAACATTGNNACAGGTGCTGCATGGCTGGCGTCAGCTCTTGTCCTGACATGTTGGGTTAAGTCTCATACCAGGCGCAGCCCTGGCCT,MK398039.1,Pseudomonas graminis strain I-S-S3-18 16S ribosomal RNA gene, partial sequence,1406,1
1243,Pseudomonadaceae,Pseudomonas graminis strain LS 2-2,Z-D10-16SF,TNGCTCTCTGATTCNGCGGCGGACGGGTGAGTAATGCCTAGGAATCTGCCTGGTAGTGGGGGACAACGTCTCCAAAGGGACGCTAATACCGCATACGTCCTACGGGAGAAAGCAGGGGACCTTCGGGCCTTGCGCTATCAGATGAGCCTAGGTCGGATTAGCTAGTTGGTGAGGTAATGGCTCACCAAGGCGACGATCCGTAACTGGTCTGAGAGGATGATCAGTCACACTGGAACTGAGACACGGTCCAGACTCCTACGGGAGGCAGCAGTGGGGAATATTGGACAATGGGCGAAAGCCTGATCCAGCCATGCCGCGTGTGTGAAGAAGGTCTTCGGATTGTAAAGCACTTTAAGTTGGGAGGAAGGGCAGTAAGCGAATACCTTGCTGTTTTGACGTTACCGACAGAATAAGCACCGGCTAACTCTGTGCCAGCAGCCGCGGTAATACAGAGGGTGCAAGCGTTAATCGGAATTACTGGGCGTAAAGCGCGCGTAGGTGGTTTGTTAAGTTGAATGTGAAATCCCCGGGCTCAACCTGGGAACTGCATCCAAAACTGGCAAGCTAGAGTAGGGCAGAGGGTGGTGGAATTTCCTGTGTAGCGGTGAAATGCGTAGATATAGGAACGAACACCAATGGCGAAAGGGAGCACCTGGGCTCATANTGACACTGATGTGCGAAAGCGCGGGGAAGCCCACCCGATTATATACCCCGGGAGTCCACCCCGTATACGATGTCAACTAACGGTTGTACGCCTTCNTCTTCTATTGGCGCCACCAACCCCCTAAGCTGACCN,KP407118.1,Pseudomonas graminis strain LS 2-2 16S ribosomal RNA gene, partial sequence,951,1
1250,Pseudomonadaceae,Pseudomonas sp. strain PP-WC-2G-221,Z-C11-16SF,TNGCTCTCTGATTCAGCGCGCGCGACGGGTGAGTAATGCCTAGGAATCTGCCTGGTAGTGGGGGACAACGTCTCGAAAGGGACGCTAATACCGCATACGTCCTACGGGAGAAAGCAGGGGACCTTCGGGCCTTGCGCTATCAGATGAGCCTAGGTCGGATTAGCTAGTTGGTGAGGTAATGGCTCACCAAGGCGACGATCCGTAACTGGTCTGAGAGGATGATCAGTCACACTGGAACTGAGACACGGTCCAGACTCCTACGGGAGGCAGCAGTGGGGAATATTGGACAATGGGCGAAAGCCTGATCCAGCCATGCCGCGTGTGTGAAGAAGGTCTTCGGATTGTAAAGCACTTTAAGTTGGGAGGAAGGGCAGTAAGCGAATACCTTGCTGTTTTGACGTTACCGACAGAATAAGCACCGGCTAACTCTGTGCCAGCAGCCGCGGTAATACAGAGGGTGCAAGCGTTAATCGGAATTACTGGGCGTAAAGCGCGCGTAGGTGGTTTGTTAAGTTGAATGTGAAATCCCCGGGCTCAACCTGGGAACTGCATCCAAAACTGGCAAGCTAGAGTAGGGCAGAGGGTGGTGGAATTTCCTGTGTAGCGGTGAAATGCGTAGATATAGGAAGGAACACCAGTGGCGAAGGCGACCACCTGGGCTCATACTGACACTGAGGTGCGAAAGCGTGGGGAGCAAACAGGATTAGATACCCTGGTAGTCCACGCCGTAAACGATGTCAACTAGCCGTTGGAAGCCTTGAGCTTTTAGTGGCGCAGCTAACGCATTAAGTTGACCGCCTGGGGAGTACGGCCGCAAGGTTAAAACTCACATGAATTGACGGGGGCCCGCACAAGCGGTGGAGCATGTGGTTTAATTCGAAGCAACGCGAAGAACCTTACCAGGCCTTGACATCCAATGAACTTTCCAGAGATGGATTGGTGCCTTCGGGAGCATTGAGACAGGTGCTGCATGGCTGTCGTCAGCTCGTGTCGTGAGATGTTGGGTTAAGTCCCCGTAACGAGCGCAACCCTTGTCCTTAGTTACCAGCACATTTATGGTGGGGCACTCTAAGGAGACTGCCCGGTGACCAAACCCGAAGGAAGGGTGGGGAATGAACGTCCAAGTTCATCCATGGGCCCCTTACCGGCCCTGGGGCTAACCCCAGGTGCCTACA,MN596038.1,Pseudomonas sp. strain PP-WC-2G-221 16S ribosomal RNA gene, partial sequence,1450,1
1255,Pseudomonadaceae,Pseudomonas graminis strain I-S-L3-8,Z-A1216SF,CTGNTCTCTCNATTCNGCGNGCGCGACGGGTGAGTAATGCCTAGGAATCTCGCCTGGTAGTGGGGGACAACGTCTCGAAAGGGACGCTAATACCGCATACGTCCTACGGGAGAAAGCAGGGGACCTTCGGGCCTTGCGCTATCAGATGAGCCTAGGTCGGATTAGCTAGTTGGTGAGGTAATGGCTCACCAAGGCGACGATCCGTAACTGGTCTGAGAGGATGATCAGTCACACTGGAACTGAGACACGGTCCAGACTCCTACGGGAGGCAGCAGTGGGGAATATTGGACAATGGGCGAAAGCCTGATCCAGCCATGCCGCGTGTGTGAAGAAGGTCTTCGGATTGTAAAGCACTTTAAGTTGGGAGGAAGGGCAGTAAGCGAATACCTTGCTGTTTTGACGTTACCGACAGAATAAGCACCGGCTAACTCTGTGCCAGCAGCCGCGGTAATACAGAGGGTGCAAGCGTTAATCGGAATTACTGGGCGTAAAGCGCGCGTAGGTGGTTTGTTAAGTTGAATGTGAAATCCCCGGGCTCAACCTGGGAACTGCATCCAAAACTGGCAAGCTAGAGTAGGGCAGAGGGTGGTGGAATTTCCTGTGTAGCGGTGAAATGCGTAGATATAGGAAGGAACACCAGTGGCGAAGGCGACCACCTGGGCTCATACTGACACTGAGGTGCGAAAGCGTGGGGAGCAAACAGGATTAGATACCCTGGTAGTCCACGCCGTAAACGATGTCAACTAGCCGTTGGAAGCCTTGAGCTTTTAGTGGCGCAGCTAACGCATTAAGTTGACCGCCTGGGGAGTACGGCCGCAAGGTTAAAACTCAAATGAATTGACGGGGGCCCGCACAAGCGGTGGAGCATGTGGTTTAATTCGAAGCAACGCGAAGAACCTTACCAGGCCTTGACATCCAATGAACTTTCCAGAGATGGATTGGTGCCTTCGGGAACATTGAGACAGGTGCTGCATGGCTGTCGTCAGCTCGTGTCGTGAGATGTTGGGTTAAGTCCCGTAACGAGCGCAACCCTTGTCCTTAGTTACCAGCACATTATGGTGGGCACTCTAAGGAGACTGCCGGTGACAAACCGGAGGAAGGTGGGGATGACGTCAAGTCATC,MK398023.1,Pseudomonas graminis strain I-S-L3-8 16S ribosomal RNA gene, partial sequence,1406,1
1263,Pseudomonadaceae,Pseudomonas sp. strain InS319,Z-B02-16SF,TTNGCTCTCTGNATTCAGCGCGCGGACGGGTGAGTAATGCCTAGGAATCTGCCTGGTAGTGGGGGACAACGTCTCGAAAGGGACGCTAATACCGCATACGTCCTACGGGAGAAAGCAGGGGACCTTCGGGCCTTGCGCTATCAGATGAGCCTAGGTCGGATTAGCTAGTTGGTGAGGTAATGGCTCACCAAGGCGACGATCCGTAACTGGTCTGAGAGGATGATCAGTCACACTGGAACTGAGACACGGTCCAGACTCCTACGGGAGGCAGCAGTGGGGAATATTGGACAATGGGCGAAAGCCTGATCCAGCCATGCCGCGTGTGTGAAGAAGGTCTTCGGATTGTAAAGCACTTTAAGTTGGGAGGAAGGGCAGTAAGCGAATACCTTGCTGTTTTGACGTTACCGACAGAATAAGCACCGGCTAACTCTGTGCCAGCAGCCGCGGTAATACAGAGGGTGCAAGCGTTAATCGGAATTACTGGGCGTAAAGCGCGCGTAGGTGGTTTGTTAAGTTGAATGTGAAATCCCCGGGCTCAACCTGGGAACTGCATCCAAAACTGGCAAGCTAGAGTAGGGCAGAGGGTGGTGGAATTTCCTGTGTAGCGGTGAAATGCGTAGATATAGGAAGGAACACCAGTGGCGAAGGCGACCACCTGGGCTCATACTGACACTGAGGTGCGAAAGCGTGGGGAGCAAACAGGATTAGATACCCTGGTAGTCCACGCCGTAAACGATGTCAACTAGCCGTTGGAAGCCTTGAGCTTTTAGTGGCGCAGCTAACGCATTAAGTTGACCGCCTGGGGAGTACGGCCGCAAGGTTAAAACTCACATGAATTGACGGGGGCCCGCACAAGCGGTGGAGCATGTGGTTTAATTCGAAGCAACGCGAAGAACCTTACCAGGCCTTGACATCCAATGAACTTTCCAGAGATGGATCGGTGCCTTCGGGAACATTGAGACAGGTGCTGCATGGCTGTCGTCAGCTCGTGTCGTGAGATGTTGGGTTAAGTCCCAGTAACGAGGCGCAACCCCTTGTCCTTAAGTACCAGCACCTTATGGGTGGGGAGTTCTAAGGAAAACTGCCGGCTGGACCAAACCCGCAAGAAACGNGGGGATGACGTCCAGAT,MN315408.1,Pseudomonas sp. strain InS319 16S ribosomal RNA gene, partial sequence,1498,1
1264,Pseudomonadaceae,Pseudomonas graminis isolate PDD-32b-60,Z-B03-16SF,CTTGCTCTCTGATTCAGCGGCGGACGGGTGAGTAATGCCTAGGAATCTGCCTGGTAGTGGGGGACAACGTCTCGAAAGGGACGCTAATACCGCATACGTCCTACGGGAGAAAGCAGGGGACCTTCGGGCCTTGCGCTATCAGATGAGCCTAGGTCGGATTAGCTAGTTGGTGAGGTAATGGCTCACCAAGGCGACGATCCGTAACTGGTCTGAGAGGATGATCAGTCACACTGGAACTGAGACACGGTCCAGACTCCTACGGGAGGCAGCAGTGGGGAATATTGGACAATGGGCGAAAGCCTGATCCAGCCATGCCGCGTGTGTGAAGAAGGTCTTCGGATTGTAAAGCACTTTAAGTTGGGAGGAAGGGCAGTAAGCGAATACCTTGCTGTTTTGACGTTACCGACAGAATAAGCACCGGCTAACTCTGTGCCAGCAGCCGCGGTAATACAGAGGGTGCAAGCGTTAATCGGAATTACTGGGCGTAAAGCGCGCGTAGGTGGTTTGTTAAGTTGAATGTGAAATCCCCGGGCTCAACCTGGGAACTGCATCCAAAACTGGCAAGCTAGAGTAGGGCAGAGGGTGGTGGAATTTCCTGTGTAGCGGTGAAATGCGTAGATATAGGAAGGAACACCAGTGGCGAAGGCGACCACCTGGGCTCATACTGACACTGAGGTGCGAAAGCGTGGGGAGCAAACAGGATTAGATACCCTGGTAGTCCACGCCGTAAACGATGTCAACTAGCCGTTGGAAGCCTTGAGCTTTTAGTGGCGCAGCTAACGCATTAAGTTGACCGCCTGGGGAGTACGGCCGCAAGGTTAAAACTCAAATGAATTGACGGGGGCCCGCACAAGCGGTGGAGCATGTGGTTTAATTCGAAGCAACGCGAAGAACCTTACCAGGCCTTGACATCCCATGAACTTTCCAGAGATGGATCGGTGCCTTCGGGAACATTGAGACAGGTGCTGCATGGCTGTCGTCAGCTCGTGTCGTGAGATGTTGGGGTTAANTCCCGTAACGAGCCCCACCCCTT,HQ256858.1,Pseudomonas graminis isolate PDD-32b-60 16S ribosomal RNA gene, partial sequence,1399,1
1268,Pseudomonadaceae,Pseudomonas sp. strain P31-2,Z-A01-16SF,GGGGGTTGACAGCTCGCTTCTCTTGAGAGCGGCGCGACGGGTGAGTAATGCCTAGGAATCTCGCCTGGTAGTGGGGGATAACGTTCGGAAACGGACGCTAATACCGCATACCTCCTACGGGAGAAAGCAGGGGACCTTCCGGCCTTGCGCTATCAGATGAGCCTAGGTCGGATTACCTAGTTGGTGGGGTAATGGCTCACCAAGGCCACGATCCGTAACTGGTCTGAGAGGATGATCAGTCACACTGGAACTGAGACACGGTCCACACTCCTACGGGAGGGAGCCGTGGGGAATATTGGACAATGGGCGAAAGCCTGATCCAGCCATGGCCCGTGTGTGAAGAAGGTCTTCGGATTGTAAAGCACTTTAAGTTGGGAGGAAGAGTTGGAGATTAATAGCCTGCCATTTTGACGTTTCCCCC,MH379666.1,Pseudomonas sp. strain P31-2 16S ribosomal RNA gene, partial sequence,1095,1
1282,Pseudomonadaceae,Pseudomonas graminis strain YF04-3(1),z-D12-16SF,TTNGCTCTCTGATTCNGCGCGCGCGACGGGTGAGTAATGCCTAGGAATCTCGCCTGGTAGTGGGGGACAACGTCTCGAAAGGGACGCTAATACCGCATACGTCCTACGGGAGAAAGCAGGGGACCTTCGGGCCTTGCGCTATCAGATGAGCCTAGGTCGGATTAGCTAGTTGGTGAGGTAATGGCTCACCAAGGCGACGATCCGTAACTGGTCTGAGAGGATGATCAGTCACACTGGAACTGAGACACGGTCCAGACTCCTACGGGAGGCAGCAGTGGGGAATATTGGACAATGGGCGAAAGCCTGATCCAGCCATGCCGCGTGTGTGAAGAAGGTCTTCGGATTGTAAAGCACTTTAAGTTGGGAGGAAGGGCAGTAAGCGAATACCTTGCTGTTTTGACGTTACCGACAGAATAAGCACCGGCTAACTCTGTGCCAGCAGCCGCGGTAATACAGAGGGTGCAAGCGTTAATCGGAATTACTGGGCGTAAAGCGCGCGTAGGTGGTTTGTTAAGTTGAATGTGAAATCCCCGGGCTCAACCTGGGAACTGCATCCAAAACTGGCAAGCTAGAGTAGGGCAGAGGGTGGTGGAATTTCCTGTGTAGCGGTGAAATGCGTAGATATAGGAAGGAACACCAGTGGCGAAGGCGACCACCTGGGCTCATACTGACACTGAGGTGCGAAAGCGTGGGGAGCAAACAGGATTAGATACCCTGGTAGTCCACGCCGTAAACGATGTCAACTAGCCGTTGGAAGCCTTGAGCTTTTAGTGGCGCAGCTAACGCATTAAGTTGACCGCCTGGGGAGTACGGCCGCAAGGTTAAAACTCACATGAATTGACGGGGGCCCGCACAAGCGGTGGAGCATGTGGTTTAATTCGAAGCAACGCGAAGAACCTTACCAGGCCTTGACATCCAATGAACTTTCCAGAGATGGATTGGTGCCTTCCGGAACATTGAGACAGGTGCTGCATGGCTGTCGTCAGCTCGTGTCGTGAGATGTTGGGTTAAGTCCCGTAACGAGCGCAACCCTTGTCCTTAGTTACCAGCACATAAAGGGTGGGCACTCTAAGGAGACTGCCGGTGACAAACCGGAAGAAGGGTGGGGATGAACGTCCAGTCATC,KT369928.1,Pseudomonas graminis strain YF04-3(1) 16S ribosomal RNA gene, partial sequence,1379,1
1304,Pseudomonadaceae,Pseudomonas fulva strain SW20,A11-16SF,GCTTGCTTCTCTTGAGAGCGCGCGCGACGGGTGAGTAATGCCTAGGAATCTGCCTGGTAGTGGGGGATAACGTTCGGAAACGGACGCTAATACCGCATACGTCCTACGGGAGAAAGCAGGGGACCTTCGGGCCTTGCGCTATCAGATGAGCCTAGGTCGGATTAGCTAGTTGGTGGGGTAATGGCTCACCAAGGCGACGATCCGTAACTGGTCTGAGAGGATGATCAGTCACACTGGAACTGAGACACGGTCCAGACTCCTACGGGAGGCAGCAGTGGGGAATATTGGACAATGGGCGAAAGCCTGATCCAGCCATGCCGCGTGTGTGAAGAAGGTCTTCGGATTGTAAAGCACTTTAAGTTGGGAGGAAGGGCCATTACCTAATACGTGATGGTTTTGACGTTACCGACAGAATAAGCACCGGCTAACTCTGTGCCAGCAGCCGCGGTAATACAGAGGGTGCAAGCGTTAATCGGAATTACTGGGCGTAAAGCGCGCGTAGGTGGTTTGTTAAGTTGGATGTGAAATCCCCGGGCTCAACCTGGGAACTGCATTCAAAACTGACTGACTAGAGTATGGTAGAGGGTGGTGGAATTTCCTGTGTAGCGGTGAAATGCGTAGATATAGGAAGGAACACCAGTGGCGAAGGCGACCACCTGGACTGATACTGACACTGAGGTGCGAAAGCGTGGGGAGCAAACAGGATTAGATACCCTGGTAGTCCACGCCGTAGACGATGTCAACTAGCCGTTGGGAGCCTTGAGCTCTTAGTGGCGCAGCTAACGCATTAAGTTGACCGCCTGGGGAGTACGGCCGCAAGGTTAAAACTCCCATGAATTGACGGGGGCGCGCCCAAACAGTGGAGCATGTGGTTTAATTCGAAGCAACGCGAAGAAACCTTACCAGGCCTTGACATGCCATGAACTTTCNTCGAGATAGATTGGTGCCTTCGCGGAACATTTTNCACAAGTGCTGGCATGGGCTGGNGTTCAGCTCCTTGTCCCGAGATGGTAGAGTTAACTCC,KT363045.1,Pseudomonas fulva strain SW20 16S ribosomal RNA gene, partial sequence,1460,1
1309,Pseudomonadaceae,Pseudomonas sp. strain CQN3,Z-A02-16SF,TNGCTTCTCTTGAGAGCGCGCGNGACGCGGTGAGTAATGCCTAGGAATCTCGCCTGGTAGTGGGGGATAACGTTCGGAAACGGACGCTAATACCGCATACCTCCTACGGGAGAAAGCAGGGGACCTTCGGGCCTTGCGCTATCAGATGAGCCTAGGTCGGATTAGCTAGTTGGTGGGGTAATGGCTCACCAAGGCGACGATCCGTAACTGGTCTGAGAGGATGATCAGTCACACTGGAACTGAGACACGGTCCAGACTCCTACGGGAGGCAGCAGTGGGGAATATTGGACAATGGGCGAAAGCCTGATCCAGCCATGCCGCGTGTGTGAAGAAGGTCTTCGGATTGTAAAGCACTTTAAGTTGGGAGGAAGAGTTGTAGATTAATACTCTGCAATTTTGACGTTACCGACAGAATAAGCACCGGCTAACTCTGTGCCAGCAGCCGCGGTAATACAGAGGGTGCAAGCGTTAATCGGAATTACTGGGGCGTAAAGCGCGCGTAGGTGGTTTGTTAAGTTGGATGTGAAATCCCCGGGCTCAGCCCGGGAACTGCATTNAGCACTGACTGACACC,MN710593.1,Pseudomonas sp. strain CQN3 16S ribosomal RNA gene, partial sequence,1498,1
1311,Pseudomonadaceae,Pseudomonas sp. HP6G,Z-A03-16SF,TTGNCTNTCTGATTCAGCGGCGGACGGGTGAGTAATGCCTAGGAATCTCGCCTGGTAGTGGGGGACAACGTCTCGAAAGGGACGCTAATACCGCATACGTCCTACGGGAGAAAGCAGGGGACCTTCGGGCCTTGCGCTATCAGATGAGCCTAGGTCGGATTAGCTAGTTGGTGAGGTAATGGCTCACCAAGGCGACGATCCGTAACTGGTCTGAGAGGATGATCAGTCACACTGGAACTGAGACACGGTCCAGACTCCTACGGGAGGCAGCAGTGGGGAATATTGGACAATGGGCGAAAGCCTGATCCAGCCATGCCGCGTGTGTGAAGAAGGTCTTCGGATTGTAAAGCACTTTAAGTTGGGAGGAAGGGCAGTAAGCGAATACCTTGCTGTTTTGACGTTACCGACAGAATAAGCACCGGCTAACTCTGTGCCAGCAGCCGCGGTAATACAGAGGGTGCAAGCGTTAATCGGAATTACTGGGCGTAAAGCGCGCGTAGGTGGTTTGTTAAGTTGAATGTGAAATCCCCGGGCTCAACCTGGGAACTGCATCCAAAACTGGCAAGCTAGAGTAGGGCAGAGGGTGGTGGAATTTCCTGTGTAGCGGTGAAATGCGTAGATATAGGAAGGAACACCAGTGGCGAAGGCGACCACCTGGGCTCATACTGACACTGAGGTGCGAAAGCGTGGGGAGCAAACAGGATTAGATACCCTGGTAGTCCACGCCGTAAACGATGTCAACTAGCCGTTGGAAGCCTTGAGCTTTTAGTGGCGCAGCTAACGCATTAAGTTGACCGCCTGGGGAGTACGGCCGCAAGGTTAAAACTCAAATGAATTGACGGGGGCCCGCACAAGCGGTGGAGCATGTGGTTTAATTCGAAGCAACGCGAAGAACCTTACCAGGCCTTGACATCCAATGAACTTTCCAGAGATGGATTGGTGCCTTCGGGAGCATTGAGACAGGTGCTGCATGGCTGTCGTCAGCTCGTGTCGTGAGATGTTGGGTTAAGTCCCGTAACGAGCGCAACCCTTGTCCTTAGTTACCAGCACGTTATGGTGGGCACTCTAAGGAGACTGCCGGTGACAAACCCGAAGAAGGTGGGGATGACGTCAAGTCATCATGGCCCTTACGGCCTGGGCTACACACGTGCTACAATGGTCGGTACCGAGGGTTGCCCAGCCGCGAGGGGGAGCTAATCCNGAAAAACCGT,KM187506.1,Pseudomonas sp. HP6G 16S ribosomal RNA gene, partial sequence,1398,1
1324,Pseudomonadaceae,Pseudomonas sp. AQ5-04,Z-F01-16SF,CTNGNTTCTCTTGAGAGCGCGCGGACGGGTGAGTAATGCCTAGGAATCTCGCCTGGTAGTGGGGGATAACGTTCGGAAACGGACGCTAATACCGCATACGTCCTACGGGAGAAAGCAGGGGACCTTCGGGCCTTGCGCTATCAGATGAGCCTAGGTCGGATTAGCTAGTTGGTGGGGTAATGGCTCACCAAGGCGACGATCCGTAACTGGTCTGAGAGGATGATCAGTCACACTGGAACTGAGACACGGTCCAGACTCCTACGGGAGGCAGCAGTGGGGAATATTGGACAATGGGCGAAAGCCTGATCCAGCCATGCCGCGTGTGTGAAGAAGGTCTTCGGATTGTAAAGCACTTTAAGTTGGGAGGAAGAGTTGTAGATTAATACTCTGCAATTTTGACGTTACCGACAGAATAAGCACCGGCTAACTCTGTGCCAGCAGCCGCGGTAATACAGAGGGTGCAAGCGTTAATCGGAATTACTGGGCGTAAAGCGCGCGTAGGTGGTTTGTTAAGTTGGATGTGAAATCCCCGGGCTCAACCTGGGAACTGCATTCAAAACTGACTGACTAGAGTATGGTAGAGGGTGGTGGAATTTCCTGTGTAGCGGTGAAATGCGTAGATATAGGAAGGAACACCAGTGGCGAAGGCGACCACCTGGACTAATACTGACACTGAGGTGCGAAAGCGTGGGGAGCAAACAGGATTAGATACCCTGGTAGTCCACGCCGTAAACGATGTCAACTAGCCGTTGGAAGCCTTGAGCTTTTAGTGGCGCAGCTAACGCATTAAGTTGACCGCCTGGGGAGTACGGCCGCAAGGTTAAAACTCCCATGAATTGACGGGGGGCCGCCACAACCGGTGGAGCATGTGGTTTAATTCGAAGCAACGCGAAGAACCTTACCAGGCCTTGACATCCCATGAAACTTTCCAGAANATGGATTGGTGCCTTCCGCGAACATTTATGACAGGGTGCTGCATGGCTGTCGTCACCTCGTGTCCTTGAGATGTTAGAGTTAAGGTCCCCTTACCCAGACGCAAACCCTTGTCCTTTGGTTACCCAACCACCTCACTGGGGGGGGGACTCCTACACGAACAAC,KT693288.1,Pseudomonas sp. AQ5-04 16S ribosomal RNA gene, partial sequence,1377,1
1325,Pseudomonadaceae,Pseudomonas fluorescens strain NITDPY Ps 2,Z-F02-16SF,CTGCTTCTCTTGAGAGCGGCGGACGGGTGAGTAATGCCTAGGAATCTCGCCTGGTAGTGGGGGATAACGTTCGGAAACGGACGCTAATACCGCATACGTCCTACGGGAGAAAGCAGGGGACCTTCGGGCCTTGCGCTATCAGATGAGCCTAGGTCGGATTAGCTAGTTGGTGGGGTAATGGCTCACCAAGGCGACGATCCGTAACTGGTCTGAGAGGATGATCAGTCACACTGGAACTGAGACACGGTCCAGACTCCTACGGGAGGCAGCAGTGGGGAATATTGGACAATGGGCGAAAGCCTGATCCAGCCATGCCGCGTGTGTGAAGAAGGTCTTCGGATTGTAAAGCACTTTAAGTTGGGAGGAAGAGTTGTAGATTAATACTCTGCAATTTTGACGTTACCGACAGAATAAGCACCGGCTAACTCTGTGCCAGCAGCCGCGGTAATACAGAGGGTGCAAGCGTTAATCGGAATTACTGGGCGTAAAGCGCGCGTAGGTGGTTTGTTAAGTTGGATGTGAAATCCCCGGGCTCAACCTGGGAACTGCATTCAAAACTGACTGACTAGAGTATGGTAGAGGGTGGTGGAATTTCCTGTGTAGCGGTGAAATGCGTAGATATAGGAAGGAACACCAGTGGCGAAGGCGACCACCTGGACTAATACTGACACTGAGGTGCGAAAGCGTGGGGAGCAAACAGGATTAGATACCCTGGTAGTCCACGCCGTAAACGATGTCAACTAGCCGTTGGAAGCCTTGAGCTTTTAGTGGCGCAGCTAACGCATTAAGTTGACCGCCTGGGGAGTACGGCCGCAAGGTTAAAACTCACATGAATTGACCGGGGGCCCGCACAACGCGGTGGGGCATGTGGGTTTAATTTCGAAGCAACGCGAAGAAACCTTACCCAGGCCTTGACATCCCAATGCAACTTTTCCTGAGAATGGGATTGGGTGTCCTTCNNGAAAACATTGAATATCAGGTGCTGGCATGGGCTGTGCGTTCCGCCTTCCTGCTNGTGGAGAATGGTTGGAGTTTAAANTCCCCATAATCCAGGCGCCAAACCCTTTGTTCCTTAATTTTACCCAACCAACCCTCNNNGGGTGAGGGCAGCTCCTACCGGACAACTGGCCCGAGTTGACCA,KR267326.1,Pseudomonas fluorescens strain NITDPY Ps 2 16S ribosomal RNA gene, partial sequence,1117,1
1326,Pseudomonadaceae,Pseudomonas fluorescens strain SIK_W1,Z-E01-16SF,TGCTTCTCTTGAGAGCGCGCGCGACGGGTGAGTAATGCCTAGGAATCTCGCCTGGTAGTGGGGGATAACGTTCGGAAACGGACGCTAATACCGCATACGTCCTACGGGAGAAAGCAGGGGACCTTCGGGCCTTGCGCTATCAGATGAGCCTAGGTCGGATTAGCTAGTTGGTGGGGTAATGGCTCACCAAGGCGACGATCCGTAACTGGTCTGAGAGGATGATCAGTCACACTGGAACTGAGACACGGTCCAGACTCCTACGGGAGGCAGCAGTGGGGAATATTGGACAATGGGCGAAAGCCTGATCCAGCCATGCCGCGTGTGTGAAGAAGGTCTTCGGATTGTAAAGCACTTTAAGTTGGGAGGAAGGGCAGTTGCCTAATACGTAACTGTTTTGACGTTACCGACAGAATAAGCACCGGCTAACTCTGTGCCAGCAGCCGCGGTAATACAGAGGGTGCAAGCGTTAATCGGAATTACTGGGCGTAAAGCGCGCGTAGGTGGTTTGTTAAGTTGGATGTGAAATCCCCGGGCTCAACCTGGGAACTGCATTCAAAACTGACTGACTAGAGTATGGTAGAGGGTGGTGGAATTTCCTGTGTAGCGGTGAAATGCGTAGATATAGGAAGGAACACCAGTGGCGAAGGCGACCACCTGGACTGATACTGACACTGAGGTGCGAAAGCGTGGGGAGCAAACAGGATTAGATACCCTGGTAGTCCACGCCGTAGACGATGTCAACTAGCCGTTGGGAGCCTTGAGCTCTTAGTGGCGCAGCTAACGCATTAAGTTGACCGCCTGGGGAGTACGGCCGCAAGGTTAANACTCACATGAATTGACGGGGGCCCGCACAAGCGGTGGAGCATGTGGTTTAATTCGAAGCAACGCGAAGAACCTTACCAGGCCTTGACATCCAATGAGCTTTCTAGAGATAGATTGGTGCCTTCGGGAACATTGAGACAGGTGCTGCATGGCTGTCGTCAGCTCGTGTCGTGAGATGTTGGGTTAAGTCCCGTAACGAGCGCAACCCTTGTCCTTAGTTACCACCACNTAATGGTGGGCACTCTAACGAAACTGCCGGTGACAACCCGANNGAAGGTGGGGATGACGTCAAGTCATCATGGCCCTAACGGCCTGGGCTANNCACNTGCTANAATGGTCGGTACANAAGGTNTGC,CP031450.1,Pseudomonas fluorescens strain SIK_W1 chromosome, complete genome,6791087,5
1327,Pseudomonadaceae,Pseudomonas syringae pv. syringae strain SHPS007,Z-E02-16SF,CNTGNANTGGTGGCGAGCGGCGGACGGGTGAGTAATGCCTAGGAATCTGCCTGGTAGTGGGGGATAACGCTCGGAAACGGACGCTAATACCGCATACGTCCTACGGGAGAAAGCAGGGGACCTTCGGGCCTTGCGCTATCAGATGAGCCTAGGTCGGATTAGCTAGTTGGTGAGGTAATGGCTCACCAAGGCGACGATCCGTAACTGGTCTGAGAGGATGATCAGTCACACTGGAACTGAGACACGGTCCAGACTCCTACGGGAGGCAGCAGTGGGGAATATTGGACAATGGGCGAAAGCCTGATCCAGCCATGCCGCGTGTGTGAAGAAGGTCTTCGGATTGTAAAGCACTTTAAGTTGGGAGGAAGGGCAGTTACCTAATACGTGATTGTTTTGACGTTACCGACAGAATAAGCACCGGCTAACTCTGTGCCAGCAGCCGCGGTAATACAGAGGGTGCAAGCGTTAATCGGAATTACTGGGCGTAAAGCGCGCGTAGGTGGTTTGTTAAGTTGAATGTGAAATCCCCGGGCTCAACCTGGGAACTGCATCCAAAACTGGCAAGCTAGAGTATGGTAGAGGGTGGTGGAATTTCCTGTGTAGCGGTGAAATGCGTAGATATAGGAAGGAACACCAGTGGCGAAGGCGACCACCTGGACTGATACTGACACTGAGGTGCGAAAGCGTGGGGAGCAAACAGGATTAGATACCCTGGTAGTCCACGCCGTAAACGATGTCAACTAGCCGTTGGGAGCCTTGAGCTCTTAGTGGCGCAGCTAACGCATTAAGTTGACCGCCTGGGGAGTACGGCCGCAAGGTTAAAACTCACATGAATTGACGGGGGCCCGCACAAGCGGTGGAGCATGTGGTTTAATTCGAAGCAACGCGAAGAACCTTACCAGGCCTTGACATCCAATGAACTTTCCAGAGATGGATGGGTGCCTTCGGGAACATTGAGACAGGTGCTGCATGGCTGTCGTCAGCTCGTGTCGTGAGATGTTGGGGTTAAGTCCCGTAACCAGCGCAAACCCTTGTCCTTAGTTACCAGCACCGTTATGGTGGGCACTCTAAGGAAGACTGCCCGGTGACCAACCCGCAGGAAGGTGGGGATGACCTCCAGTCATCATGGGCCCTTACGGCCTGGGCTACACACGTGCTACAATGGTTCGGTACCGAAGGGTTTGCCAAGCCCCCGAAGTTGGAA,KP753380.1,Pseudomonas syringae pv. syringae strain SHPS007 16S ribosomal RNA gene, partial sequence,1414,1
1331,Pseudomonadaceae,Pseudomonas trivialis strain VT20B,Z-A10-16SF,TGCTTCTCTTGAGAGCGCGCGCGACGCGGTGAGTAATGCCTAGGAATCTGCCTGGTAGTGGGGGATAACGTCCGGAAACGGACGCTAATACCGCATACGTCCTACGGGAGAAAGCAGGGGACCTTCGGGCCTTGCGCTATCAGATGAGCCTAGGTCGGATTAGCTAGTTGGTGAGGTAATGGCTCACCAAGGCGACGATCCGTAACTGGTCTGAGAGGATGATCAGTCACACTGGAACTGAGACACGGTCCAGACTCCTACGGGAGGCAGCAGTGGGGAATATTGGACAATGGGCGAAAGCCTGATCCAGCCATGCCGCGTGTGTGAAGAAGGTCTTCGGATTGTAAAGCACTTTAAGTTGGGAGGAAGGGCAGTTACCTAATACGTGATTGTTTTGACGTTACCGACAGAATAAGCACCGGCTAACTCTGTGCCAGCAGCCGCGGTAATACAGAGGGTGCAAGCGTTAATCGGAATTACTGGGCGTAAAGCGCGCGTAGGTGGTTTGTTAAGTTGGATGTGAAATCCCCGGGCTCAACCTGGGAACTGCATTCAAAACTGACTGACTAGAGTATGGTAAAGGGTGGTGGAATTTCCCGG,MK100814.1,Pseudomonas trivialis strain VT20B 16S ribosomal RNA gene, partial sequence,1499,1
1335,Pseudomonadaceae,Pseudomonas sp. NCCP-1806 gene for,Z-B07-16SF,TGCTTCTCTTNGAGAGCGGCGCGACGCGGTGAGTAATGCCTAGGAATCTCGCCTGGTAGTGGGGGATAACGTTCGGAAACGGACGCTAATACCGCATACGTCCTACGGGAGAAAGCAGGGGACCTTCGGGCCTTGCGCTATCAGATGAGCCTAGGTCGGATTAGCTAGTTGGTGGGGTAATGGCTCACCAAGGCGACGATCCGTAACTGGTCTGAGAGGATGATCAGTCACACTGGAACTGAGACACGGTCCAGACTCCTACGGGAGGCAGCAGTGGGGAATATTGGACAATGGGCGAAAGCCTGATCCAGCCATGCCGCGTGTGTGAAGAAGGTCTTCGGATTGTAAAGCACTTTAAGTTGGGAGGAAGAGTTGTAGATTAATACTCTGCAATTTTGACGTTACCGACAGAATAAGCACCGGCTAACTCTGTGCCAGCAGCCGCGGTAATACAGAGGGTGCAAGCGTTAATCGGAATTACTGGGCGTAAAGCGCGCGTAGGTGGTTTGTTAAGTTGGATGTGAAATCCCCGGGCTCAACCTGGGAACTGGGTTCTAAACTGAGTGACTANAGTATGGNACAGGGTGGGGGGGACTTCCCGGGTGTCCGCGCAACAGCGCCAAAATAGGGCCGAGGAGGCCCCCTCCCCCGGG,LC270242.1,Pseudomonas sp. NCCP-1806 gene for 16S ribosomal RNA, partial sequence,882,1
1306,Xanthomonadaceae,Stenotrophomonas sp. strain H9,Z-C08-16SF,AGCTTGCTCTTATGGGTGGCGAGTGGCGGACGGGTGAGGAATACATCGGAATCTACCTTTTCGTGGGGGATAACGTAGGGAAACTTACGCTAATACCGCATACGACCTTCGGGTGAAAGCAGGGGACCTTCGGGCCTTGCGCGGATAGATGAGCCGATGTCGGATTAGCTAGTTGGCGGGGTAAAGGCCCACCAAGGCGACGATCCGTAGCTGGTCTGAGAGGATGATCAGCCACACTGGAACTGAGACACGGTCCAGACTCCTACGGGAGGCAGCAGTGGGGAATATTGGACAATGGGCGCAAGCCTGATCCAGCCATACCGCGTGGGTGAAGAAGGCCTTCGGGTTGTAAAGCCCTTTTGTTGGGAAAGAAAAGCAGTCGGCTAATACCCGGTTGTTCTGACGGTACCCAAAGAATAAGCACCGGCTAACTTCGTGCCAGCAGCCGCGGTAATACGAAGGGTGCAAGCGTTACTCGGAATTACTGGGCGTAAAGCGTGCGTAGGTGGTTGTTTAAGTCTGTTGTGAAAGCCCTGGGCTCAACCTGGGAATTGCAGTGGATACTGGGCGACTAGAGTGTGGTAGAGGGTAGTGGAATTCCCGGTGTAGCAGTGAAATGCGTAGAGATCGGGAGGAACATCCATGGCGAAGGCAGCTACCTGGACCAACACTGACACTGAGGCACGAAAGCGTGGGGAGCAAACAGGATTAGATACCCTGGTAGTCCACGCCCTAAACGATGCGAACTGGATGTTGGGTGCAATTTGGCACGCAGTATCGAAGCTAACGCGTTAAGTTCGCCGCCTGGGGAGTACGGTCGCAAGACTGAGACTCAAAGGAATTGACGGGGGCGCGCACAACCGGTGGAGTATGTGGTTTAATTCCATGCANCGCGAAGAACCTTACCTGGTCCTGACATGTCTAGAACTTTCCGGAGATGGAATTGGTGCCGTCGGGAACTCCAACACAGGTGGCTGCATGGCTGGTCGTCAGCTCCTGTCGTGAAGATGTTGGGTNAAGTCCCGCAACCAAGAAGAAGCCGCTGGTCCCTTATTTGCCTAGCCCGCAG,MH885483.1,Stenotrophomonas sp. strain H9 16S ribosomal RNA gene, partial sequence,1394,1
1329,Xanthomonadaceae,Stenotrophomonas rhizophila strain P5F64,Z-C07-16SF,GAGCTTGCTCTTATGGGTGGCGAGTGGCGGACGGGTGAGGAATACATCGGAATCTACCTTTTCGTGGGGGATAACGTAGGGAAACTTACGCTAATACCGCATACGACCTTCGGGTGAAAGCAGGGGACCTTCGGGCCTTGCGCGGATAGATGAGCCGATGTCGGATTAGCTAGTTGGCGGGGTAAAGGCCCACCAAGGCGACGATCCGTAGCTGGTCTGAGAGGATGATCAGCCACACTGGAACTGAGACACGGTCCAGACTCCTACGGGAGGCAGCAGTGGGGAATATTGGACAATGGGCGCAAGCCTGATCCAGCCATACCGCGTGGGTGAAGAAGGCCTTCGGGTTGTAAAGCCCTTTTGTTGGGAAAGAAAAGCAGTCGGCTAATACCCGGTTGTTCTGACGGTACCCAAAGAATAAGCACCGGCTAACTTCGTGCCAGCAGCCGCGGTAATACGAAGGGTGCAAGCGTTACTCGGAATTACTGGGCGTAAAGCGTGCGTAGGTGGTTGTTTAAGTCTGGTGTGAAAGCCCTGGGCTCAACCTGGGAATTGCAGGGGATACGGGGCCACTAGAGTGTGGTACAGGGTAGCGGAAATCTCTGTGGGGC,MN421356.1,Stenotrophomonas rhizophila strain P5F64 16S ribosomal RNA gene, partial sequence,960,1
